{
    "camera_properties": {
        "resolution": {
            "width": 1024,
            "height": 1024
        },
        "clipping_range": [
            0.009999999776482582,
            1000000.0
        ],
        "horizontal_aperture": 20.954999923706055,
        "focal_length": 24.0,
        "tf_mat": [
            [
                -0.5316107191726718,
                -0.05748752136337118,
                -0.8450356372060357,
                0.0
            ],
            [
                -3.469446951953614e-18,
                0.9976939811018899,
                -0.0678728227869016,
                0.0
            ],
            [
                0.8469888094070162,
                -0.03608192013402406,
                -0.5303848148078216,
                0.0
            ],
            [
                0.0,
                0.0,
                -2.0000000000000004,
                1.0000000000000002
            ]
        ]
    },
    "asset_transforms": [
        [
            "Clock_payload.usd",
            [
                [
                    0.06569010764360428,
                    0.0,
                    0.0,
                    0.0
                ],
                [
                    0.0,
                    -1.458613399920689e-17,
                    -0.06569010764360429,
                    0.0
                ],
                [
                    0.0,
                    0.06569010764360429,
                    -1.458613399920689e-17,
                    0.0
                ],
                [
                    0.006273860391575459,
                    -0.48326922033083686,
                    0.019275423798698853,
                    1.0
                ]
            ]
        ]
    ]
}