{
    "camera_properties": {
        "resolution": {
            "width": 1024,
            "height": 1024
        },
        "clipping_range": [
            0.009999999776482582,
            1000000.0
        ],
        "horizontal_aperture": 20.954999923706055,
        "focal_length": 24.0,
        "tf_mat": [
            [
                -0.7240241112969144,
                0.6218735926763035,
                -0.2984331097458529,
                0.0
            ],
            [
                0.0,
                0.43265304683315087,
                0.9015605032752882,
                -0.0
            ],
            [
                0.6897746633942953,
                0.6527515421642894,
                -0.3132512377332743,
                0.0
            ],
            [
                0.0,
                0.0,
                -1.9999999999999996,
                0.9999999999999998
            ]
        ]
    },
    "asset_transforms": [
        [
            "Clock_payload.usd",
            [
                [
                    0.06569010764360428,
                    0.0,
                    0.0,
                    0.0
                ],
                [
                    0.0,
                    -1.458613399920689e-17,
                    -0.06569010764360429,
                    0.0
                ],
                [
                    0.0,
                    0.06569010764360429,
                    -1.458613399920689e-17,
                    0.0
                ],
                [
                    0.006273860391575459,
                    -0.48326922033083686,
                    0.019275423798698853,
                    1.0
                ]
            ]
        ]
    ]
}