{
    "camera_properties": {
        "resolution": {
            "width": 1024,
            "height": 1024
        },
        "clipping_range": [
            0.009999999776482582,
            1000000.0
        ],
        "horizontal_aperture": 20.954999923706055,
        "focal_length": 24.0,
        "tf_mat": [
            [
                -0.8934217838730276,
                0.3626303499098244,
                -0.2651353341699572,
                0.0
            ],
            [
                2.77555756156289e-17,
                0.5902142641408291,
                0.8072466304697095,
                -0.0
            ],
            [
                0.44921878422561157,
                0.7212117246197386,
                -0.5273102807360059,
                0.0
            ],
            [
                0.0,
                0.0,
                -2.0,
                1.0
            ]
        ]
    },
    "asset_transforms": [
        [
            "Clock_payload.usd",
            [
                [
                    0.06569010764360428,
                    0.0,
                    0.0,
                    0.0
                ],
                [
                    0.0,
                    -1.458613399920689e-17,
                    -0.06569010764360429,
                    0.0
                ],
                [
                    0.0,
                    0.06569010764360429,
                    -1.458613399920689e-17,
                    0.0
                ],
                [
                    0.006273860391575459,
                    -0.48326922033083686,
                    0.019275423798698853,
                    1.0
                ]
            ]
        ]
    ]
}