{
    "camera_properties": {
        "resolution": {
            "width": 1024,
            "height": 1024
        },
        "clipping_range": [
            0.009999999776482582,
            1000000.0
        ],
        "horizontal_aperture": 20.954999923706055,
        "focal_length": 24.0,
        "tf_mat": [
            [
                -0.15346367637088537,
                0.8242891251078618,
                0.5449737041946587,
                0.0
            ],
            [
                1.387778780781445e-17,
                0.5515066927664547,
                -0.8341704668913945,
                0.0
            ],
            [
                -0.9881542895898047,
                -0.12801486656917133,
                -0.08463624461508851,
                0.0
            ],
            [
                0.0,
                0.0,
                -1.9999999999999996,
                0.9999999999999998
            ]
        ]
    },
    "asset_transforms": [
        [
            "Clock_payload.usd",
            [
                [
                    0.06569010764360428,
                    0.0,
                    0.0,
                    0.0
                ],
                [
                    0.0,
                    -1.458613399920689e-17,
                    -0.06569010764360429,
                    0.0
                ],
                [
                    0.0,
                    0.06569010764360429,
                    -1.458613399920689e-17,
                    0.0
                ],
                [
                    0.006273860391575459,
                    -0.48326922033083686,
                    0.019275423798698853,
                    1.0
                ]
            ]
        ]
    ]
}