{
    "camera_properties": {
        "resolution": {
            "width": 1024,
            "height": 1024
        },
        "clipping_range": [
            0.009999999776482582,
            1000000.0
        ],
        "horizontal_aperture": 20.954999923706055,
        "focal_length": 24.0,
        "tf_mat": [
            [
                -0.2978225313560652,
                -0.43921528434695184,
                0.8475798922890347,
                0.0
            ],
            [
                0.0,
                0.8878703340894882,
                0.4600937620135927,
                0.0
            ],
            [
                -0.9546212546432566,
                0.1370262888640232,
                -0.26442779041448666,
                0.0
            ],
            [
                0.0,
                0.0,
                -1.9999999999999998,
                0.9999999999999999
            ]
        ]
    },
    "asset_transforms": [
        [
            "Clock_payload.usd",
            [
                [
                    0.06569010764360428,
                    0.0,
                    0.0,
                    0.0
                ],
                [
                    0.0,
                    -1.458613399920689e-17,
                    -0.06569010764360429,
                    0.0
                ],
                [
                    0.0,
                    0.06569010764360429,
                    -1.458613399920689e-17,
                    0.0
                ],
                [
                    0.006273860391575459,
                    -0.48326922033083686,
                    0.019275423798698853,
                    1.0
                ]
            ]
        ]
    ]
}