{
    "camera_properties": {
        "resolution": {
            "width": 1024,
            "height": 1024
        },
        "clipping_range": [
            0.009999999776482582,
            1000000.0
        ],
        "horizontal_aperture": 20.954999923706055,
        "focal_length": 24.0,
        "tf_mat": [
            [
                -0.05426719428355864,
                -0.400261030251406,
                0.9147929707243456,
                0.0
            ],
            [
                0.0,
                0.9161429530466575,
                0.4008517052264464,
                0.0
            ],
            [
                -0.9985264501376968,
                0.021753097366419345,
                -0.0497165076244961,
                0.0
            ],
            [
                0.0,
                0.0,
                -1.9999999999999998,
                0.9999999999999999
            ]
        ]
    },
    "asset_transforms": [
        [
            "Clock_payload.usd",
            [
                [
                    0.06569010764360428,
                    0.0,
                    0.0,
                    0.0
                ],
                [
                    0.0,
                    -1.458613399920689e-17,
                    -0.06569010764360429,
                    0.0
                ],
                [
                    0.0,
                    0.06569010764360429,
                    -1.458613399920689e-17,
                    0.0
                ],
                [
                    0.006273860391575459,
                    -0.48326922033083686,
                    0.019275423798698853,
                    1.0
                ]
            ]
        ]
    ]
}