{
    "camera_properties": {
        "resolution": {
            "width": 1024,
            "height": 1024
        },
        "clipping_range": [
            0.009999999776482582,
            1000000.0
        ],
        "horizontal_aperture": 20.954999923706055,
        "focal_length": 24.0,
        "tf_mat": [
            [
                0.9997059263491191,
                0.009344010418144264,
                -0.022377450519560173,
                0.0
            ],
            [
                0.0,
                0.9227827809240132,
                0.38532056684031896,
                -0.0
            ],
            [
                0.024249965411310432,
                -0.3852072542144687,
                0.9225114148226569,
                0.0
            ],
            [
                0.0,
                0.0,
                -2.0000000000000004,
                1.0000000000000002
            ]
        ]
    },
    "asset_transforms": [
        [
            "Clock_payload.usd",
            [
                [
                    0.06569010764360428,
                    0.0,
                    0.0,
                    0.0
                ],
                [
                    0.0,
                    -1.458613399920689e-17,
                    -0.06569010764360429,
                    0.0
                ],
                [
                    0.0,
                    0.06569010764360429,
                    -1.458613399920689e-17,
                    0.0
                ],
                [
                    0.006273860391575459,
                    -0.48326922033083686,
                    0.019275423798698853,
                    1.0
                ]
            ]
        ]
    ]
}