{
    "camera_properties": {
        "resolution": {
            "width": 1024,
            "height": 1024
        },
        "clipping_range": [
            0.009999999776482582,
            1000000.0
        ],
        "horizontal_aperture": 20.954999923706055,
        "focal_length": 24.0,
        "tf_mat": [
            [
                0.5855668872217362,
                -0.351228199029751,
                -0.7305820780690999,
                0.0
            ],
            [
                2.775557561562892e-17,
                0.9012587759662875,
                -0.43328122362242955,
                0.0
            ],
            [
                0.8106240932697764,
                0.253715137408211,
                0.527747296023851,
                -0.0
            ],
            [
                0.0,
                0.0,
                -2.0000000000000004,
                1.0000000000000002
            ]
        ]
    },
    "asset_transforms": [
        [
            "Clock_payload.usd",
            [
                [
                    0.06569010764360428,
                    0.0,
                    0.0,
                    0.0
                ],
                [
                    0.0,
                    -1.458613399920689e-17,
                    -0.06569010764360429,
                    0.0
                ],
                [
                    0.0,
                    0.06569010764360429,
                    -1.458613399920689e-17,
                    0.0
                ],
                [
                    0.006273860391575459,
                    -0.48326922033083686,
                    0.019275423798698853,
                    1.0
                ]
            ]
        ]
    ]
}