{
    "camera_properties": {
        "resolution": {
            "width": 1024,
            "height": 1024
        },
        "clipping_range": [
            0.009999999776482582,
            1000000.0
        ],
        "horizontal_aperture": 20.954999923706055,
        "focal_length": 24.0,
        "tf_mat": [
            [
                0.6829934471104219,
                -0.6054387344481186,
                0.4086121511091956,
                0.0
            ],
            [
                2.7755575615628914e-17,
                0.5594173671950136,
                0.8288861256412727,
                0.0
            ],
            [
                -0.7304245006872535,
                -0.566123792213735,
                0.3820783959939589,
                0.0
            ],
            [
                0.0,
                0.0,
                -2.0000000000000004,
                1.0000000000000002
            ]
        ]
    },
    "asset_transforms": [
        [
            "Clock_payload.usd",
            [
                [
                    0.06569010764360428,
                    0.0,
                    0.0,
                    0.0
                ],
                [
                    0.0,
                    -1.458613399920689e-17,
                    -0.06569010764360429,
                    0.0
                ],
                [
                    0.0,
                    0.06569010764360429,
                    -1.458613399920689e-17,
                    0.0
                ],
                [
                    0.006273860391575459,
                    -0.48326922033083686,
                    0.019275423798698853,
                    1.0
                ]
            ]
        ]
    ]
}