{
    "camera_properties": {
        "resolution": {
            "width": 1024,
            "height": 1024
        },
        "clipping_range": [
            0.009999999776482582,
            1000000.0
        ],
        "horizontal_aperture": 20.954999923706055,
        "focal_length": 24.0,
        "tf_mat": [
            [
                0.9030051255880034,
                -0.31605833746123607,
                0.29101352285251886,
                0.0
            ],
            [
                0.0,
                0.677358833362028,
                0.7356527787390139,
                0.0
            ],
            [
                -0.4296297745289473,
                -0.6642982298543869,
                0.6116584983882215,
                0.0
            ],
            [
                0.0,
                0.0,
                -2.0,
                1.0
            ]
        ]
    },
    "asset_transforms": [
        [
            "Clock_payload.usd",
            [
                [
                    0.06569010764360428,
                    0.0,
                    0.0,
                    0.0
                ],
                [
                    0.0,
                    -1.458613399920689e-17,
                    -0.06569010764360429,
                    0.0
                ],
                [
                    0.0,
                    0.06569010764360429,
                    -1.458613399920689e-17,
                    0.0
                ],
                [
                    0.006273860391575459,
                    -0.48326922033083686,
                    0.019275423798698853,
                    1.0
                ]
            ]
        ]
    ]
}