{
    "camera_properties": {
        "resolution": {
            "width": 1024,
            "height": 1024
        },
        "clipping_range": [
            0.009999999776482582,
            1000000.0
        ],
        "horizontal_aperture": 20.954999923706055,
        "focal_length": 24.0,
        "tf_mat": [
            [
                -0.9653036072648274,
                0.20742992938323054,
                0.1586246204016834,
                0.0
            ],
            [
                -1.3877787807814435e-17,
                0.6074542957934784,
                -0.7943546302011771,
                0.0
            ],
            [
                -0.2611301319294849,
                -0.7667933899807143,
                -0.5863778229779604,
                0.0
            ],
            [
                0.0,
                0.0,
                -1.9999999999999996,
                0.9999999999999998
            ]
        ]
    },
    "asset_transforms": [
        [
            "Clock_payload.usd",
            [
                [
                    0.06569010764360428,
                    0.0,
                    0.0,
                    0.0
                ],
                [
                    0.0,
                    -1.458613399920689e-17,
                    -0.06569010764360429,
                    0.0
                ],
                [
                    0.0,
                    0.06569010764360429,
                    -1.458613399920689e-17,
                    0.0
                ],
                [
                    0.006273860391575459,
                    -0.48326922033083686,
                    0.019275423798698853,
                    1.0
                ]
            ]
        ]
    ]
}