{
    "camera_properties": {
        "resolution": {
            "width": 1024,
            "height": 1024
        },
        "clipping_range": [
            0.009999999776482582,
            1000000.0
        ],
        "horizontal_aperture": 20.954999923706055,
        "focal_length": 24.0,
        "tf_mat": [
            [
                -0.6557790029447526,
                -0.1356232094026273,
                0.7426710202829488,
                0.0
            ],
            [
                1.3877787807814441e-17,
                0.9837315791548757,
                0.17964459405574854,
                0.0
            ],
            [
                -0.7549529119731806,
                0.11780715277429361,
                -0.6451105141434514,
                0.0
            ],
            [
                0.0,
                0.0,
                -2.0000000000000004,
                1.0000000000000002
            ]
        ]
    },
    "asset_transforms": [
        [
            "Clock_payload.usd",
            [
                [
                    0.06569010764360428,
                    0.0,
                    0.0,
                    0.0
                ],
                [
                    0.0,
                    -1.458613399920689e-17,
                    -0.06569010764360429,
                    0.0
                ],
                [
                    0.0,
                    0.06569010764360429,
                    -1.458613399920689e-17,
                    0.0
                ],
                [
                    0.006273860391575459,
                    -0.48326922033083686,
                    0.019275423798698853,
                    1.0
                ]
            ]
        ]
    ]
}