{
    "camera_properties": {
        "resolution": {
            "width": 1024,
            "height": 1024
        },
        "clipping_range": [
            0.009999999776482582,
            1000000.0
        ],
        "horizontal_aperture": 20.954999923706055,
        "focal_length": 24.0,
        "tf_mat": [
            [
                0.913094935272758,
                -0.2204018599234176,
                -0.3430461475101214,
                0.0
            ],
            [
                2.7755575615628907e-17,
                0.8413210240812897,
                -0.5405357846052466,
                0.0
            ],
            [
                0.40774702841251675,
                0.4935604872567372,
                0.7682059660271157,
                -0.0
            ],
            [
                0.0,
                0.0,
                -1.9999999999999996,
                0.9999999999999998
            ]
        ]
    },
    "asset_transforms": [
        [
            "Clock_payload.usd",
            [
                [
                    0.06569010764360428,
                    0.0,
                    0.0,
                    0.0
                ],
                [
                    0.0,
                    -1.458613399920689e-17,
                    -0.06569010764360429,
                    0.0
                ],
                [
                    0.0,
                    0.06569010764360429,
                    -1.458613399920689e-17,
                    0.0
                ],
                [
                    0.006273860391575459,
                    -0.48326922033083686,
                    0.019275423798698853,
                    1.0
                ]
            ]
        ]
    ]
}