{
    "camera_properties": {
        "resolution": {
            "width": 1024,
            "height": 1024
        },
        "clipping_range": [
            0.009999999776482582,
            1000000.0
        ],
        "horizontal_aperture": 20.954999923706055,
        "focal_length": 24.0,
        "tf_mat": [
            [
                0.9658492743601438,
                0.18478908833416005,
                -0.18162646296895643,
                0.0
            ],
            [
                0.0,
                0.7009774531766023,
                0.7131834337237821,
                -0.0
            ],
            [
                0.2591045719742971,
                -0.6888277019477906,
                0.677038564493443,
                0.0
            ],
            [
                0.0,
                0.0,
                -2.0,
                1.0
            ]
        ]
    },
    "asset_transforms": [
        [
            "Clock_payload.usd",
            [
                [
                    0.06569010764360428,
                    0.0,
                    0.0,
                    0.0
                ],
                [
                    0.0,
                    -1.458613399920689e-17,
                    -0.06569010764360429,
                    0.0
                ],
                [
                    0.0,
                    0.06569010764360429,
                    -1.458613399920689e-17,
                    0.0
                ],
                [
                    0.006273860391575459,
                    -0.48326922033083686,
                    0.019275423798698853,
                    1.0
                ]
            ]
        ]
    ]
}