{
    "camera_properties": {
        "resolution": {
            "width": 1024,
            "height": 1024
        },
        "clipping_range": [
            0.009999999776482582,
            1000000.0
        ],
        "horizontal_aperture": 20.954999923706055,
        "focal_length": 24.0,
        "tf_mat": [
            [
                -0.9999305511730754,
                -0.009754013437221543,
                -0.006614533435920514,
                0.0
            ],
            [
                0.0,
                0.5612538091870609,
                -0.8276437407925069,
                0.0
            ],
            [
                0.01178528025582798,
                -0.8275862619055973,
                -0.5612148307684058,
                0.0
            ],
            [
                0.0,
                0.0,
                -2.0,
                1.0
            ]
        ]
    },
    "asset_transforms": [
        [
            "Clock_payload.usd",
            [
                [
                    0.06569010764360428,
                    0.0,
                    0.0,
                    0.0
                ],
                [
                    0.0,
                    -1.458613399920689e-17,
                    -0.06569010764360429,
                    0.0
                ],
                [
                    0.0,
                    0.06569010764360429,
                    -1.458613399920689e-17,
                    0.0
                ],
                [
                    0.006273860391575459,
                    -0.48326922033083686,
                    0.019275423798698853,
                    1.0
                ]
            ]
        ]
    ]
}