{
    "camera_properties": {
        "resolution": {
            "width": 1024,
            "height": 1024
        },
        "clipping_range": [
            0.009999999776482582,
            1000000.0
        ],
        "horizontal_aperture": 20.954999923706055,
        "focal_length": 24.0,
        "tf_mat": [
            [
                0.837132361269908,
                -0.01855047105270257,
                -0.5466857321518379,
                0.0
            ],
            [
                1.734723475976807e-18,
                0.9994247858441028,
                -0.033913086566534356,
                0.0
            ],
            [
                0.5470003745105374,
                0.0283897422353937,
                0.8366508308853459,
                -0.0
            ],
            [
                0.0,
                0.0,
                -1.9999999999999998,
                0.9999999999999999
            ]
        ]
    },
    "asset_transforms": [
        [
            "Clock_payload.usd",
            [
                [
                    0.06569010764360428,
                    0.0,
                    0.0,
                    0.0
                ],
                [
                    0.0,
                    -1.458613399920689e-17,
                    -0.06569010764360429,
                    0.0
                ],
                [
                    0.0,
                    0.06569010764360429,
                    -1.458613399920689e-17,
                    0.0
                ],
                [
                    0.006273860391575459,
                    -0.48326922033083686,
                    0.019275423798698853,
                    1.0
                ]
            ]
        ]
    ]
}